<?xml version="1.0" encoding="UTF-8"?>
<project-private xmlns="http://www.netbeans.org/ns/project-private/1">
    <editor-bookmarks xmlns="http://www.netbeans.org/ns/editor-bookmarks/2" lastBookmarkId="0"/>
    <open-files xmlns="http://www.netbeans.org/ns/projectui-open-files/2">
        <group>
            <file>file:/E:/Master%20-%20IDDL/M1/S2.09%20-%20JAVA/S2.09%20-%20Architecture%20et%20Framework%20JEE/jsfapp/web/index.xhtml</file>
            <file>file:/E:/Master%20-%20IDDL/M1/S2.09%20-%20JAVA/S2.09%20-%20Architecture%20et%20Framework%20JEE/jsfapp/web/confirmation.xhtml</file>
            <file>file:/E:/Master%20-%20IDDL/M1/S2.09%20-%20JAVA/S2.09%20-%20Architecture%20et%20Framework%20JEE/jsfapp/src/java/com/ensode/jsf/namedbeans/RegistrationBean.java</file>
            <file>file:/E:/Master%20-%20IDDL/M1/S2.09%20-%20JAVA/S2.09%20-%20Architecture%20et%20Framework%20JEE/jsfapp/src/java/com/ensode/jsf/validators/EmailValidator.java</file>
            <file>file:/E:/Master%20-%20IDDL/M1/S2.09%20-%20JAVA/S2.09%20-%20Architecture%20et%20Framework%20JEE/jsfapp/web/WEB-INF/web.xml</file>
        </group>
    </open-files>
</project-private>
